"CrossingID","SubmissionType","ReportBaseId","ParentReportBaseId","CrossingClosed","ReportingAgencyTypeID","ReportingAgencyID","RevisionDate","ReasonID","CrossingIdSuffix","ReportStatus","LastUpdated","Railroad","StateCD","StateName","CntyCD","CountyName","Nearest","CityCD","CityName","Street","BlockNumb","Highway","SepInd","SepRr1","SepRr2","SepRr3","SepRr4","MultFrmsFiLed","SameInd","SameRr1","SameRr2","SameRr3","SameRr4","RrID","Ttstn","TtstnNam","RrMain","XingOwnr","TypeXing","XPurpose","PosXing","OpenPub","TypeTrnSrvcIDs","DevelTypID","XingAdj","XngAdjNo","Whistban","WhistDate","HscoRrid","SfxHscoRrid","Latitude","Longitude","LLsource","RrNarr1","RrNarr2","RrNarr3","RrNarr4","StNarr1","StNarr2","StNarr3","StNarr4","RrNarr","StNarr","PolCont","RrCont","HwyCont","THRRequestNo","CCMQzid","OperatingRailroadCode","OperatingRailroadType","RrDiv","RrSubDiv","Branch","PrfxMilePost","MilePost","SfxMilePost","Lt1PassMov","PassCnt","DayThru","NghtThru","TotalSwt","TotalLtr","Lt1Mov","WeekTrnMov","YearTrnMov","MaxTtSpd","MinSpd","MaxSpd","MainTrk","SidingTrk","YardTrk","TransitTrk","IndustryTrk","OthrTrk","OthrTrkDes","SpselIDs","Sgnleqp","EMonitorDvce","HealthMonitor","NoSigns","XBuck","StopStd","YieldStd","AdvWarn","AdvW10_1","AdvW10_2","AdvW10_3","AdvW10_4","AdvW10_11","AdvW10_12","Low_Grnd","Low_GrndSigns","PaveMrkIDs","Channel","Exempt","EnsSign","OthSgn","OthSgn1","OthDes1","OthSgn2","OthDes2","OthSgn3","OthDes3","PrvxSign","Led","Gates","GatePed","GateConf","GateConfType","FlashOv","FlashNov","CFlashType","FlashPost","FlashPostType","Bkl_FlashPost","Sdl_FlashPost","FlashPai","AwdIDate","AwhornChk","AwhornlDate","HwyTrafSignl","Wigwags","Bells","SpecPro","FlashOth","FlashOthDes","HwynrSig","Intrprmp","PrempType","HwtrfPsig","HwtrfPsigsdis","HwtrfPsiglndis","MonitorDev","WdCode","TraficLn","TraflnType","HwyPved","Downst","Illumina","XSurfDate","XSurfWidth","XSurfLength","XSurfaceIDs","XSurOthr","HwyNear","HwynDist","XAngle","ComPower","HwySys","HwyClassCD","HwyClassrdtpID","StHwy1","HwySpeed","HwySpeedps","LrsRouteid","LrsMilePost","Aadt","AadtYear","PctTruk","SchlBusChk","SchlBsCnt","HazmtVeh","EmrgncySrvc","ReportYear","ReportType"
"667052L","Full Inventory Record","3749690","3694394","No","1","61","11/13/2017 12:00:00 AM","14","AM","Published","11/13/2017 12:01:00 PM","AM","29","MO","29009","BARRY","1","290092610","EXETER","FR 1065","","county Road","2","","","","","2","2","","","","","","579663","EXETER","-1","AM","3","1","1","","11","11","2","","0","","-1","","36.7617380","-93.9108120","2","","","","","","","","","","","8555037176","4797511281","5737517125","","","AM","Primary","SYSTEM","1ST","MAIN","","0302.50","","2","0","2","0","0","0","2","10","2017","49","35","40","1","0","0","0","0","0","","0","2","2","2","1","2","0","0","0","","","","","","","2","","0","5","","1","2","","","","","","","","","0","","","","0","0","","0","","2","2","0","-1","2","","2","0","0","0","0","","2","1","","2","","","0","3","2","2","1","2","2","","","","12","","1","75","3","1","8","0","19","2","","2","","","000015","1982","05","2","","","","2017","Major"
"667025P","Full Inventory Record","5063063","4726304","No","2","11815","7/22/2022 12:00:00 AM","14","AM","Published","7/22/2022 5:30:09 PM","AM","29","MO","29009","BARRY","0","290096540","PURDY","HWY C","","City Street","2","","","","","2","2","","","","","","579644","PURDY","-1","AM","3","1","1","","11","13","2","","0","","-1","","36.816127","-93.922103","1","","","","","","","","","","","8555037176","4797511281","5737517125","","","AM","Primary","SYSTEM","1ST","MAIN","","0289.80","","2","2","2","0","0","0","2","","2017","49","35","40","1","0","0","0","0","0","","11,14","2","1","2","1","0","0","0","1","2","","","","","","2","","1","5","","1","2","","","","","","","","","2","2","1","4","0","0","","2","2","1","1","4","102020","2","","2","0","2","0","0","","2","1","","2","0","0","0","8","2","2","1","2","2","","","","14","","N","0","3","1","3","0","18","1","","N","","","001337","1991","20","1","0","","1","2022","Major"
"667024H","Full Inventory Record","4911576","4890451","No","2","11815","8/30/2021 12:00:00 AM","14","AM","Published","8/30/2021 5:30:57 PM","AM","29","MO","29009","BARRY","0","290096540","PURDY","WASHINGTON","","City Street","2","","","","","2","2","","","","","AM","579622","MONETT","-1","AM","3","1","1","","11","13","2","","0","","-1","","36.817425","-93.921990","1","","","","","","","","","","","8555037176","4797511281","5737517125","","","AM","Primary","SYSTEM","1ST","MAIN","","0290.30","","2","2","2","0","0","0","2","","2017","49","40","45","1","0","0","0","0","0","","11","2","1","2","1","6","0","0","1","2","","","","","","2","","1                               ","5","2","1","2","","","","","","","","","2","","1","4","0","0","","2","2","1","2","4","102020","2","","2","0","6","0","0","","2","1","","2","0","0","0","8","2","2","1","2","2","","","","12","","Y","320","3","1","8","0","19","2","25","N","","","000480","1989","20","1","0","","","2021","Major"
"667068H","Full Inventory Record","3749758","3694687","No","1","61","11/13/2017 12:00:00 AM","14","AM","Published","11/13/2017 1:07:00 PM","AM","29","MO","29009","BARRY","1","290097224","SELIGMAN","FR 1062","","farm road","2","","","","","2","2","","","","","","579698","SELIGMAN","-1","AM","3","1","1","","11","11","2","","0","","-1","","36.8089560","-93.9220810","2","","","","","","","","","","","8555037176","4797511281","5737517125","","","AM","Primary","SYSTEM","1ST","MAIN","","0310.67","","2","0","2","0","0","0","2","10","2017","49","35","40","1","0","0","0","0","0","","0","2","2","2","1","2","2","0","0","","","","","","","2","","0","5","","1","2","","","","","","","","","0","","","","0","0","","0","","2","2","0","-1","2","","2","0","0","0","0","","2","1","","2","","","0","4","2","2","1","2","2","","","","14","","1","75","2","1","8","0","19","2","","2","","","000030","1989","05","1","2","","","2017","Major"
"667064F","Full Inventory Record","3749751","3694637","No","1","61","11/13/2017 12:00:00 AM","14","AM","Published","11/13/2017 1:01:00 PM","AM","29","MO","29009","BARRY","1","290098148","WASHBURN","FR 1050","","farm road","2","","","","","2","2","","","","","","579698","SELIGMAN","-1","AM","3","1","1","","11","11","2","","0","","-1","","36.7905540","-93.9135740","2","","","","","","","","","","","8555037176","4797511281","5737517125","","","AM","Primary","SYSTEM","1ST","MAIN","","0308.75","","2","0","2","0","0","0","2","10","2017","49","35","40","1","0","0","0","0","0","","0","2","2","2","1","2","1","0","0","","","","","","","2","","0","5","","1","2","","","","","","","","","0","","","","0","0","","0","","2","2","0","-1","2","","2","0","0","0","0","","2","1","","2","","","0","4","2","2","1","2","2","","","","12","","2","","3","2","8","0","19","2","","2","","","000030","1982","05","1","2","","","2017","Major"
"667075T","Full Inventory Record","3749771","3695396","No","1","61","11/13/2017 12:00:00 AM","20","AM","Published","11/13/2017 1:18:00 PM","AM","29","MO","29009","BARRY","0","290097224","SELIGMAN","SH DD","","RTE DD","2","","","","","2","2","","","","","","579698","SELIGMAN","-1","AM","3","1","1","","11,16","12","2","","0","","-1","","36.520230","-93.939791","1","","","","","","","","","","","8555037176","4797511281","5737517125","","","AM","Primary","SYSTEM","1ST","MAIN","","0313.05","","1","","2","0","0","0","2","10","2017","35","20","35","1","0","0","0","0","0","","11","2","2","2","1","2","2","0","1","2","","","","","","2","","0","5","2","1","2","","","","","","","","","0","0","","","0","0","","2","2","1","1","4","-1","2","","2","0","1","0","0","","2","1","","2","","","0","7","2","2","1","2","2","","","","14","","1","75","3","1","3","0","18","1","35","1","","","000206","1991","10","1","2","","","2017","Major"
"667055G","Full Inventory Record","3749693","3694399","No","1","61","11/13/2017 12:00:00 AM","14","AM","Published","11/13/2017 12:08:00 PM","AM","29","MO","29009","BARRY","1","290092610","EXETER","FR 1062","","county Road","2","","","","","2","2","","","","","","579663","EXETER","-1","AM","3","1","1","","11","11","2","","0","","-1","","36.7724650","-93.9111790","2","","","","","","","","","","","8555037176","4797511281","5737517125","","","AM","Primary","SYSTEM","1ST","MAIN","","0303.70","","2","0","2","0","0","0","2","10","2017","49","35","40","1","0","0","0","0","0","","0","2","2","2","1","2","1","0","0","","","","","","","2","","0","5","","1","2","","","","","","","","","0","","","","0","0","","0","","2","2","0","-1","2","","2","0","0","0","0","","2","1","","2","","","0","4","2","2","2","2","2","","","","18","","2","","2","1","8","0","19","2","","2","","","000005","1989","05","2","","","","2017","Major"
"667027D","Full Inventory Record","3749582","3694053","No","1","61","11/13/2017 12:00:00 AM","14","AM","Published","11/13/2017 11:02:00 AM","AM","29","MO","29009","BARRY","1","290096540","PURDY","FR 2090","","farm road","2","","","","","2","2","","","","","","579644","PURDY","-1","AM","3","1","1","","11","11","2","","0","","-1","","36.6810460","-93.9343570","2","","","","","","","","","","","8555037176","4797511281","5737517125","","","AM","Primary","SYSTEM","1ST","MAIN","","0290.57","","2","0","2","0","0","0","2","10","2017","49","35","40","1","0","0","0","0","0","","0","2","2","2","1","2","0","0","0","","","","","","","2","","0","5","","1","2","","","","","","","","","0","","","","0","0","","0","","2","2","0","-1","2","","2","0","0","0","0","","2","1","","2","","","0","3","2","2","1","2","2","","","","14","","1","75","3","1","8","0","19","2","","","","","000040","1989","10","1","2","","","2017","Major"
"667021M","Full Inventory Record","3749571","3694049","No","1","61","11/13/2017 12:00:00 AM","14","AM","Published","11/13/2017 10:45:00 AM","AM","29","MO","29009","BARRY","1","290096540","PURDY","FR 2062","","farm road","2","","","","","2","2","","","","","","579644","PURDY","-1","AM","3","1","1","","11","11","2","","0","","-1","","36.6635970","-93.9448090","2","","","","","","","","","","","8555037176","4797511281","5737517125","","","AM","Primary","SYSTEM","1ST","MAIN","","0288.12","","2","0","2","0","0","0","2","10","2017","49","35","40","1","0","0","0","0","0","","0","2","2","2","1","2","0","","0","","","","","","","2","","0","5","","1","2","","","","","","","","","0","","","","0","0","","0","","2","2","0","-1","2","","2","0","0","0","0","","2","1","","2","","","0","3","2","2","1","2","2","","","","14","","1","75","3","1","8","0","19","2","","2","","","000015","1982","05","2","","","","2017","Major"
"667067B","Full Inventory Record","3749755","3694673","No","1","61","11/13/2017 12:00:00 AM","14","AM","Published","11/13/2017 1:06:00 PM","AM","29","MO","29009","BARRY","1","290097224","SELIGMAN","CO RD 2265","","county Road","2","","","","","2","2","","","","","","579698","SELIGMAN","-1","AM","3","1","1","","11","11","2","","0","","-1","","36.8057670","-93.9220120","2","","","","","","","","","","","8555037176","4797511281","5737517125","","","AM","Primary","SYSTEM","SYSTEM","MAIN","","0310.03","","2","0","2","0","0","0","2","10","2017","49","30","40","1","0","0","0","0","0","","0","2","2","2","1","2","0","0","0","","","","","","","2","","0","5","","1","2","","","","","","","","","0","","","","0","0","","0","","2","2","0","-1","2","","2","0","0","0","0","","2","1","","2","","","0","3","2","2","1","2","2","","","","14","","1","75","3","1","8","0","19","2","","2","","","000015","1982","05","2","","","","2017","Major"
"667063Y","Full Inventory Record","3749750","3694634","No","1","61","11/13/2017 12:00:00 AM","14","AM","Published","11/13/2017 1:00:00 PM","AM","29","MO","29009","BARRY","1","290098148","WASHBURN","FR 1060","","farm road","2","","","","","2","2","","","","","","579698","SELIGMAN","-1","AM","3","1","1","","11","11","2","","0","","-1","","36.7898180","-93.9120940","2","","","","","","","","","","","8555037176","4797511281","5737517125","","","AM","Primary","SYSTEM","1ST","MAIN","","0307.80","","2","0","2","0","0","0","2","10","2017","49","35","40","1","0","0","0","0","0","","0","2","2","2","1","2","1","0","0","","","","","","","2","","0","5","","1","2","","","","","","","","","0","","","","0","0","","0","","2","2","0","-1","2","","2","0","0","0","0","","2","1","","2","","","0","4","2","2","2","2","2","","","","18","","1","200","3","2","8","0","19","2","","","","","000030","1982","05","2","","","","2017","Major"
"667029S","Full Inventory Record","3749587","3694056","No","1","61","11/13/2017 12:00:00 AM","14","AM","Published","11/13/2017 11:06:00 AM","AM","29","MO","29009","BARRY","1","290096540","PURDY","FR 1085","","farm road","2","","","","","2","2","","","","","","579644","PURDY","-1","AM","3","1","1","","11","11","2","","0","","-1","","36.6895980","-93.9328460","2","","","","","","","","","","","8555037176","4797511281","5737517125","","","AM","Primary","SYSTEM","1ST","MAIN","","0291.57","","2","0","2","0","0","0","2","10","2017","49","35","40","1","0","0","0","0","0","","0","2","2","2","1","2","0","0","0","","","","","","","2","","0","5","","1","2","","","","","","","","","0","","","","0","0","","0","","2","2","0","-1","2","","2","0","0","0","0","","2","1","","2","","","0","3","2","2","1","2","2","","","","12","","1","200","3","1","8","0","19","2","","2","","","000030","1989","05","1","2","","","2017","Major"
"667034N","Full Inventory Record","3749634","3694062","No","1","61","11/13/2017 12:00:00 AM","14","AM","Published","11/13/2017 11:21:00 AM","AM","29","MO","29009","BARRY","1","290091230","BUTTERFIELD","FR 1090 ash street","","City Street","2","","","","","2","2","","","","","","579644","PURDY","-1","AM","3","1","1","","11","11","2","","0","","-1","","36.7122730","-93.9256290","2","","","","","","","","","","","8555037176","4797511281","5737517125","","","AM","Primary","SYSTEM","1ST","MAIN","","0294.33","","2","0","2","0","0","0","2","10","2017","49","35","45","1","0","0","0","0","0","","0","2","2","2","1","2","0","0","0","","","","","","","2","","0","5","","1","2","","","","","","","","","0","","","","0","0","","0","","2","2","0","-1","2","","2","0","0","0","0","","2","1","","2","","","0","3","2","2","1","2","2","","","","14","","2","","2","1","8","0","19","2","","","","","000020","1989","05","2","","","","2017","Major"
"667078N","Full Inventory Record","5038016","4903291","No","2","11815","5/11/2022 12:00:00 AM","14","AM","Published","5/11/2022 5:30:21 PM","AM","29","MO","29009","BARRY","1","290097224","SELIGMAN","FR 2295","","PUBLIC","2","","","","","2","2","","","","","","579698","SELIGMAN","-1","AM","3","1","1","","11","16","2","","0","","-1","","36.8286360","-93.9203110","2","","","","","","","","","","","8555037176","4797518600","5737517125","","","AM","Primary","SYSTEM","1ST","MAIN","","0314.50","","2","0","2","0","0","0","2","","2020","35","25","35","1","0","0","0","0","0","","11","2","1","2","1","2","0","0","0","","","","","","","2","","0","5","","1","2","","","","","","","","","2","","1","4","0","0","","2","2","2","2","3","042021","2","","2","0","2","0","1","SIDELIGHTS","2","1","","2","","","0","8","2","2","2","2","2","042021","10","40","14                              ","","1","","3","1","8 ","0","19                              ","2","","2","","","","1982","","2","","","","2022","Major"
"667076A","Full Inventory Record","3749773","2392884","No","1","61","11/13/2017 12:00:00 AM","14","AM","Published","11/13/2017 1:21:00 PM","AM","29","MO","29009","BARRY","0","290097224","SELIGMAN","ROLLER RIDGE","","ROller Ridge","2","","","","","2","2","","","","","","579698","SELIGMAN","-1","AM","3","1","1","","11","13","2","","0","","-1","","36.8233220","-93.9203490","2","","","","","","","","","","","8555037176","4797511281","5737517125","","","AM","Primary","SYSTEM","1ST","MAIN","","0313.30","","2","0","2","0","2","0","2","10","2017","35","20","35","1","0","0","0","0","1","SIDING","0","2","2","2","1","2","2","0","0","","","","","","","2","","0","5","","1","2","","","","","","","","","0","","","","0","0","","0","","2","2","0","-1","2","","2","0","0","0","0","","2","1","","2","","","0","4","2","2","1","2","1","","","","12","","1","75","3","1","8","0","19","2","","2","","","000150","1989","07","1","2","","","2017","Major"
"667036C","Full Inventory Record","3749640","3694070","No","1","61","11/13/2017 12:00:00 AM","14","AM","Published","11/13/2017 11:28:00 AM","AM","29","MO","29009","BARRY","0","290091230","BUTTERFIELD","5TH STREET","","City Street","2","","","","","2","2","","","","","","579644","PURDY","-1","AM","3","1","1","","11","13","2","","0","","-1","","36.7142030","-93.9235610","2","","","","","","","","","","","8555037176","4797511281","5737517125","","","AM","Primary","SYSTEM","1ST","MAIN","","0294.80","","2","0","2","0","0","0","2","10","2017","49","35","40","1","0","0","0","0","1","PASS&STORE","0","2","2","2","1","2","2","","0","","","","","","","2","","0","5","","1","2","","","","","","","","","0","","","","0","0","","0","","2","2","0","-1","2","","2","0","0","0","0","","2","1","","2","","","0","4","2","2","1","2","2","","","","14","","1","75","3","1","8","0","19","2","","2","","","000500","1982","05","1","2","","","2017","Major"
"667042F","Full Inventory Record","3749657","3694202","No","1","61","11/13/2017 12:00:00 AM","14","AM","Published","11/13/2017 11:41:00 AM","AM","29","MO","29009","BARRY","1","290092610","EXETER","CO RD 2150","","county Road","2","","","","","2","2","","","","","","579663","EXETER","-1","AM","3","1","1","","11","11","2","","0","","-1","","36.7316780","-93.9126510","2","","","","","","","","","","","8555037176","4797511281","5737517125","","","AM","Primary","SYSTEM","1ST","MAIN","","0297.30","","2","0","2","0","0","0","2","10","2017","49","35","40","1","0","0","0","0","0","","0","2","2","2","1","2","0","0","0","","","","","","","2","","0","5","","1","2","","","","","","","","","0","","","","0","0","","0","","2","2","0","-1","2","","2","0","0","0","0","","2","1","","2","","","0","3","2","2","1","2","2","","","","13","","2","","2","1","8","0","19","2","","2","","","000110","1982","10","2","","","","2017","Major"
"667015J","Full Inventory Record","4681903","3749561","No","2","11815","8/18/2020 12:00:00 AM","14","AM","Published","8/18/2020 5:30:13 PM","AM","29","MO","29009","BARRY","1","290096540","PURDY","SH BB","","BB","2","","","","","2","2","","","","","","579644","PURDY","-1","AM","3","1","1","","11","16                              ","2","","0","","-1","","36.870359","-93.913342","1","","","","","","","","","","","8555037176","4797511281","5737517125","","","AM","Primary","SYSTEM","1ST","MAIN","","0285.75","","2","0","2","0","0","0","2","10","2017","49","35","40","1","0","0","0","0","0","","11","2","2","2","1","2","0","0","1","2","","","","","","2","","1,2","5","2","1","2","","","","","","","","","0","","","","0","0","","2","2","1","1","4","","","","2","0","0","0","0","","2","1                               ","","2","0","0","0","7","2","2","1","2","2","","","","14","","N","0","3","1","3","0","18","1","","N","","","000335","1982","07","1","0","","","2020","Major"
"667072X","Full Inventory Record","3749765","3694730","No","1","61","11/13/2017 12:00:00 AM","14","AM","Published","11/13/2017 1:13:00 PM","AM","29","MO","29009","BARRY","0","290097224","SELIGMAN","jefferson street","","City Street","2","","","","","2","2","","","","","","579698","SELIGMAN","-1","AM","3","1","1","","11","12","2","","0","","-1","","36.8193740","-93.9213100","2","","","","","","","","","","","8555037176","4797511281","5737517125","","","AM","Primary","SYSTEM","1ST","MAIN","","0312.67","","2","0","2","0","0","0","2","10","2017","49","30","40","1","0","0","0","0","0","","0","2","2","2","1","2","2","0","1","2","","","","","","2","","0","5","","1","2","","","","","","","","","0","","","","0","0","","0","","2","2","0","-1","2","","2","0","0","0","0","","2","1","","2","","","0","4","2","2","1","2","2","","","","14","","1","200","3","1","8","0","19","2","","2","","","000075","1989","07","1","2","","","2017","Major"
"667010A","Full Inventory Record","3749539","3694014","No","1","61","11/13/2017 12:00:00 AM","14","AM","Published","11/13/2017 10:12:00 AM","AM","29","MO","29009","BARRY","1","290095310","MONETT","FR 2020","","farm road","2","","","","","2","2","","","","","","579622","MONETT","-1","AM","3","1","1","","11","11","2","","0","","-1","","36.6301540","-93.9673920","2","","","","","","","","","","","8555037176","4797511281","5737517125","","","AM","Primary","SYSTEM","1ST","MAIN","","0283.70","","2","0","2","0","0","0","2","10","2017","35","20","35","1","0","0","0","0","0","","0","2","2","2","1","2","0","0","1","2","","","","","","2","","0","","","1","2","","","","","","","","","0","","","","0","0","","0","","2","2","0","","2","","2","0","0","0","0","","2","1","","2","","","0","3","2","2","1","2","2","","","","13","","2","","3","2","8","0","19","2","","","","","000010","1982","10","2","","","","2017","Major"
"667074L","Full Inventory Record","3749768","3694756","No","1","61","11/13/2017 12:00:00 AM","14","AM","Published","11/13/2017 1:17:00 PM","AM","29","MO","29009","BARRY","0","290097224","SELIGMAN","eureka","","City Street","2","","","","","2","2","","","","","","579698","SELIGMAN","-1","AM","3","1","1","","11","13","2","","0","","-1","","36.8202710","-93.9210970","2","","","","","","","","","","","8555037176","4797511281","5737517125","","","AM","Primary","SYSTEM","SYSTEM","MAIN","","0312.84","","2","0","2","0","0","0","2","10","2017","49","20","40","1","0","0","0","0","0","","0","2","2","2","1","2","2","0","0","","","","","","","2","","0","5","","1","2","","","","","","","","","0","","","","0","0","","0","","2","2","0","-1","2","","2","0","0","0","0","","2","1","","2","","","0","4","2","2","1","2","2","","","","12","","1","200","3","2","8","0","19","2","","2","","","000120","1989","10","2","","","","2017","Major"
"667053T","Full Inventory Record","3749691","3694396","No","1","61","11/13/2017 12:00:00 AM","14","AM","Published","11/13/2017 12:05:00 PM","AM","29","MO","29009","BARRY","1","290092610","EXETER","FR 1057","","county Road","2","","","","","2","2","","","","","","579663","EXETER","-1","AM","3","1","1","","11","11","2","","0","","-1","","36.7692110","-93.9114530","2","","","","","","","","","","","8555037176","4797511281","5737517125","","","AM","Primary","SYSTEM","1ST","MAIN","","0303.14","","2","0","2","0","0","0","2","10","2017","49","35","40","1","0","0","0","0","0","","0","2","2","2","1","2","2","0","0","","","","","","","2","","0","5","","1","2","","","","","","","","","0","","","","0","0","","0","","2","2","0","","","","2","0","0","0","0","","2","1","","2","","","0","4","2","2","1","2","2","","","","12","","2","","3","1","8","0","19","2","","","","","000025","1989","04","1","2","","","2017","Major"
"667040S","Full Inventory Record","3749652","3694193","No","1","61","11/13/2017 12:00:00 AM","14","AM","Published","11/13/2017 11:37:00 AM","AM","29","MO","29009","BARRY","1","290091230","BUTTERFIELD","FR 2140","","farm road","2","","","","","2","2","","","","","","579644","PURDY","-1","AM","3","1","1","","11","11","2","","0","","-1","","36.7232020","-93.9169920","2","","","","","","","","","","","8555037176","4797511281","5737517125","","","AM","Primary","SYSTEM","1ST","MAIN","","0296.20","","2","0","2","0","0","0","2","10","2017","49","35","40","1","0","0","0","0","0","","0","2","2","2","1","2","2","0","0","","","","","","","2","","0","5","2","1","2","","","","","","","","","0","","","","0","0","","0","","2","2","0","","2","","2","0","0","0","0","","2","1","","2","","","0","4","2","2","1","2","2","","","","13","","2","","3","1","8","0","19","2","","2","","","000045","1989","05","1","2","","","2017","Major"
"667005D","Full Inventory Record","5106776","5007138","No","2","11815","12/28/2022 12:00:00 AM","14","AM","Published","12/28/2022 5:30:05 PM","AM","29","MO","29009","BARRY","1","290095310","MONETT","DAIRY ST","","City Street","1","BNSF","","","","1","2","","","","","1002","","MONETT","-1","BNSF","3","1","1","","11","14","2","","0","","-1","","36.9161030","-93.9239140","2","","","","","","","","","","","8008325452","8008325452","5737517125","","","AM","Primary","heartland","Cherokee","branch","","0282.35","","2","0","2","0","0","0","2","","2022","10","1","10","1","0","0","0","0","","","0","2","","","1","4","0","4","0","","","","","","","2","","0","5","","1","1","2","W10-1 ADV","","","","","","","0","","","","0","0","","0","","2","2","0","","","","2","","0","","0","","2","1","","","0","0","","3","2","2","1","2","2","","","","14","","N","0","3","1","8","1","19","2","","N","","","003030","1994","20","2","0","","","2022","Major"
"667050X","Full Inventory Record","3749688","3046044","No","1","61","11/13/2017 12:00:00 AM","14","AM","Published","11/13/2017 11:57:00 AM","AM","29","MO","29009","BARRY","1","290092610","EXETER","FR 2190","","county Road","2","","","","","2","2","","","","","","579663","EXETER","-1","AM","3","1","1","","11","11","2","","0","","-1","","36.7538800","-93.9067080","2","","","","","","","","","","","8555037176","4797511281","5737517125","","","AM","Primary","SYSTEM","1ST","MAIN","","0301.36","","2","0","2","0","0","0","2","10","2017","49","35","40","1","1","0","0","0","1","SIDING","0","2","2","2","1","2","0","0","0","","","","","","","2","","0","5","","1","1","2","58","","","","","","","0","","","","0","0","","0","","2","2","0","-1","2","","2","0","0","0","0","","2","1","","2","","","0","3","2","2","1","2","2","","","","12","","2","","3","1","8","0","19","2","","2","","","000030","1982","05","1","2","","","2017","Major"
"667023B","Full Inventory Record","3045658","2933439","Yes","1","61","9/15/2017 12:00:00 AM","16","AM","Published","9/15/2017 2:04:00 PM","AM","29","MO","29009","BARRY","0","290096540","PURDY","JEFFERSON","","","2","","","","","","2","","","","","","579644","PURDY","","AM","3","1","1","","","12","2","","0","","","","36.6695520","-93.9425050","","","","","","","","","","","","8555037176","4797511281","5737517125","","","AM","Primary","SYSTEM","1ST","MAIN","","0289.33","","","0","2","2","2","","","","","49","35","40","1","1","","","","1","SIDINGS","0","2","","","1","2","0","","0","","","","","","","2","","0","5","","1","2","","","","","","","","","0","","","","0","0","","0","","","","0","","","","2","0","0","","0","","2","","","","","","","3","2","","1","2","2","","","","12","","1","200","3","1","8","0","19","2","","","","","000330","1982","07","2","0","","","2017","Major"
"667013V","Full Inventory Record","3749555","3694018","No","1","61","11/13/2017 12:00:00 AM","14","AM","Published","11/13/2017 10:26:00 AM","AM","29","MO","29009","BARRY","1","290095310","MONETT","SH2035","","City Street","2","","","","","2","2","","","","","","579622","MONETT","-1","AM","3","1","1","","11","11","2","","0","","-1","","36.6422880","-93.9611890","2","","","","","","","","","","","8555037176","4797511281","5737517125","","","AM","Primary","SYSTEM","1ST","MAIN","","0285.15","","2","0","2","0","0","0","2","10","2017","49","35","40","1","0","0","0","0","0","","0","2","2","2","1","2","0","0","0","","","","","","","2","","0","5","","1","2","","","","","","","","","0","","","","0","0","","0","","2","2","0","","2","","2","0","0","0","0","","2","1","","2","","","0","3","2","2","1","2","2","","","","13","","2","","3","2","8","0","19","2","","","","","000010","1989","05","2","","","","2017","Major"
"667044U","Full Inventory Record","3749660","3694210","No","1","61","11/13/2017 12:00:00 AM","14","AM","Published","11/13/2017 11:46:00 AM","AM","29","MO","29009","BARRY","1","290092610","EXETER","FR 2165","","farm road","2","","","","","2","2","","","","","","579663","EXETER","-1","AM","3","1","1","","11","11","2","","0","","-1","","36.7407150","-93.9055860","2","","","","","","","","","","","8555037176","4797511281","5737517125","","","AM","Primary","SYSTEM","1ST","MAIN","","0298.66","","2","0","2","0","0","0","2","10","2017","49","35","40","1","0","0","0","0","0","","0","2","2","2","1","2","0","0","0","","","","","","","2","","0","5","","1","2","","","","","","","","","0","","","","0","0","","0","","2","2","0","","2","","2","0","0","0","0","","2","1","","2","","","0","3","2","2","1","2","2","","","","11","","2","","3","1","8","0","19","2","","2","","","000015","1989","05","2","","","","2017","Major"
"667054A","Full Inventory Record","3749692","3694398","No","1","61","11/13/2017 12:00:00 AM","14","AM","Published","11/13/2017 12:07:00 PM","AM","29","MO","29009","BARRY","1","290092610","EXETER","SANDEK","","CITY","2","","","","","2","2","","","","","","579663","EXETER","-1","AM","3","1","1","","11","12","2","","0","","-1","","36.7703060","-93.9113620","2","","","","","","","","","","","8555037176","4797511281","5737517125","","","AM","Primary","SYSTEM","1ST","MAIN","","0303.34","","2","0","2","0","0","0","2","10","2017","49","35","40","1","0","0","0","0","0","","0","2","2","2","1","2","0","0","0","","","","","","","2","","0","5","","1","2","","","","","","","","","0","","","","0","0","","0","","2","2","0","","","","2","0","0","0","0","","2","1","","2","","","0","3","2","2","2","2","2","","","","18","","1","50","3","1","8","0","19","2","","2","","","000025","1982","06","2","","","","2017","Major"
"667022U","Full Inventory Record","3749573","3694050","No","1","61","11/13/2017 12:00:00 AM","14","AM","Published","11/13/2017 10:48:00 AM","AM","29","MO","29009","BARRY","1","290096540","PURDY","COMMERCIAL","","City Street","2","","","","","2","2","","","","","","579644","PURDY","-1","AM","3","1","1","","11","11","2","","0","","-1","","36.6722720","-93.9407200","2","","","","","","","","","","","8555037176","4797511281","5737517125","","","AM","Primary","SYSTEM","1ST","MAIN","","0288.90","","2","0","2","0","0","0","2","10","2017","49","35","40","1","0","0","0","0","0","","0","2","2","2","1","2","0","","1","1","","","","","","2","","0","5","2","1","2","","","","","","","","","0","","","","0","0","","0","","2","2","0","-1","2","","2","0","0","0","0","","2","1","","2","","","0","3","2","2","1","2","2","","","","12","","1","75","3","1","8","0","19","2","","2","","","000100","1989","05","1","2","","","2017","Major"
"667062S","Full Inventory Record","3749748","3695395","No","1","61","11/13/2017 12:00:00 AM","20","AM","Published","11/13/2017 12:58:00 PM","AM","29","MO","29009","BARRY","0","290098148","WASHBURN","HWY 90","","MO 90","2","","","","","2","2","","","","","","579663","EXETER","-1","AM","3","1","1","","11","12","2","","0","","-1","","36.586863","-93.964276","1","","","","","","","","","","","8555037176","4797511281","5737517125","","","AM","Primary","SYSTEM","1ST","MAIN","","0307.10","","2","0","2","0","0","0","2","10","2017","49","20","40","1","0","0","0","0","0","","12","2","2","2","1","2","0","0","1","2","","","","","","2","","1","5","2","1","2","","","","","","","","","0","0","","","0","0","","2","2","1","1","4","-1","2","","2","0","1","0","0","","2","1","","2","","","0","7","2","2","1","2","2","","","","14","","1","75","3","1","3","0","17","1","45","1","","","001876","1991","20","1","2","","","2017","Major"
"667017X","Full Inventory Record","3749565","3694020","No","1","61","11/13/2017 12:00:00 AM","14","AM","Published","11/13/2017 10:33:00 AM","AM","29","MO","29009","BARRY","1","290096540","PURDY","FR2050","","farm road","2","","","","","2","2","","","","","","579644","PURDY","-1","AM","3","1","1","","11","11","2","","0","","-1","","36.6527400","-93.9498900","2","","","","","","","","","","","8555037176","4797511281","5737517125","","","AM","Primary","SYSTEM","1ST","MAIN","","0286.81","","2","0","2","0","0","0","2","10","2017","49","35","40","1","0","0","0","0","0","","0","2","2","2","1","2","0","0","0","","","","","","","2","","0","5","","1","2","","","","","","","","","0","","","","0","0","","0","","2","2","0","-1","2","","2","0","0","0","0","","2","1","","2","","","0","3","2","2","2","2","2","","","","18","","2","","3","2","8","0","19","2","","","","","000015","1982","05","2","","","","2017","Major"
"667073E","Full Inventory Record","3749766","3694743","No","1","61","11/13/2017 12:00:00 AM","14","AM","Published","11/13/2017 1:15:00 PM","AM","29","MO","29009","BARRY","0","290097224","SELIGMAN","NORTH STREET","","City Street","2","","","","","2","2","","","","","","579698","SELIGMAN","-1","AM","3","1","1","","11","13","2","","0","","-1","","36.8198810","-93.9211880","2","","","","","","","","","","","8555037176","4797511281","5737517125","","","AM","Primary","SYSTEM","1ST","MAIN","","0312.75","","2","0","2","0","0","0","2","10","2017","49","20","40","1","0","0","0","0","1","SIDING","0","2","2","2","1","2","2","0","0","","","","","","","2","","0","5","","1","2","","","","","","","","","0","","","","0","0","","0","","2","2","0","","","","2","0","0","0","0","","2","1","","2","","","0","4","2","2","1","2","2","","","","12","","1","75","3","1","8","0","19","2","","2","","","000090","1989","10","1","2","","","2017","Major"
"667049D","Full Inventory Record","3749687","3694254","No","1","61","11/13/2017 12:00:00 AM","14","AM","Published","11/13/2017 11:56:00 AM","AM","29","MO","29009","BARRY","0","290092610","EXETER","SNOOKS RD","","City Street","2","","","","","2","2","","","","","","579663","EXETER","-1","AM","3","1","1","","11","12","2","","0","","-1","","36.7526860","-93.9057920","2","","","","","","","","","","","8555037176","4797511281","5737517125","","","AM","Primary","SYSTEM","1ST","MAIN","","0300.90","","2","0","2","0","0","0","2","10","2017","40","30","40","1","0","0","0","0","1","SIDING","0","2","2","2","1","2","2","0","0","","","","","","","2","","0","5","","1","2","","","","","","","","","0","","","","0","0","","0","","2","2","0","-1","2","","2","0","0","0","0","","2","1","","2","","","0","4","2","2","1","2","2","","","","12","","2","","3","1","8","0","19","2","","2","","","000050","1989","05","1","2","","","2017","Major"
"667004W","Full Inventory Record","4726307","3749531","No","1","61","4/15/2021 12:00:00 AM","14","AM","Published","4/15/2021 9:33:13 AM","AM","29","MO","29009","BARRY","1","290095310","MONETT","COUNTY RD","","CITY","2","","","","","2","1","BNSF","","","","1002","579622","MONETT","-1","BNSF","3","1","1","","11","14","2","","0","","-1","","36.6186220","-93.9674610","2","","","","","","","","","BNSF MAINTAINS SIGNAL CROSSING","BNSF MAINTAINS SIGNAL CROSSING","8555037176","4797518600","5737517125","","","AM","Primary","SYSTEM","1ST","MAIN","","0282.12","","2","0","2","0","0","0","2","","2017","10","1","10","1","0","0","0","0","1","YARD","12","2","","","1","2","0","","1","2","","","","","","2","","0","5","","1","2","","","","","","","","","0","","","","4","0","","2","","2","2","8","","","","2","0","1","","0","","2","1","","","","","","7","2","2","1","2","2","","","","14","","2","","3","1","8","0","19","2","","","","","005610","1994","20","2","","","","2021","Major"
"667047P","Full Inventory Record","3749685","3695384","No","1","61","11/13/2017 12:00:00 AM","14","AM","Published","11/13/2017 11:52:00 AM","AM","29","MO","29009","BARRY","0","290092610","EXETER","HWY 76","","MO 76","2","","","","","2","2","","","","","","579663","EXETER","-1","AM","3","1","1","","11","13","2","","0","","-1","","36.672273","-93.940856","1","","","","","","","","","","","8555037176","4797511281","5737517125","","","AM","Primary","SYSTEM","1TH","MAIN","","0300.65","","2","0","2","0","0","0","2","10","2017","40","20","40","1","0","0","0","0","2","SIDINGS","12","1","2","2","1","2","0","0","1","2","","","","","","2","","1,2","5","","1","2","","","","","","","","","0","","","","0","0","","2","2","1","1","4","-1","2","","2","0","1","0","0","","2","1","","2","","","0","7","2","2","1","2","2","","","","14","","1","75","3","1","2","0","19","1","","2","","","004556","1994","20","1","2","","","2017","Major"
"667008Y","Full Inventory Record","5007135","3749538","No","1","61","3/10/2022 12:00:00 AM","14","AM","Published","3/10/2022 11:13:02 AM","AM","29","MO","29009","BARRY","1","290095310","MONETT","MORRIS LN","","City Street","2","","","","","2","2","","","","","","","MONETT","-1","AM","3","1","1","","11","12","2","","0","","-1","","36.6247860","-93.9702150","2","","","","","","","","","","","8555037176","4797511281","5737517125","","","AM","Primary","SYSTEM","1ST","MAIN","","0283.04","","2","0","2","0","0","0","2","","2022","35","10","30","1","0","0","0","0","","","0","2","2","2","1","2","1","0","0","","","","","","","2","","0","","","1","2","","","","","","","","","0","","","","0","0","","0","","2","2","0","-1","2","","2","","0","0","0","","2","1","","2","","","0","4","1","2","2","2","2","","","","18","","1","75","3","1","8","0","19","2","","","","","000005","1989","10","2","","","","2022","Major"
"667045B","Full Inventory Record","3749663","3694212","No","1","61","11/13/2017 12:00:00 AM","14","AM","Published","11/13/2017 11:48:00 AM","AM","29","MO","29009","BARRY","1","290092610","EXETER","FR 2170","","farm road","2","","","","","2","2","","","","","","579663","EXETER","-1","AM","3","1","1","","11","11","2","","0","","-1","","36.7478940","-93.9046400","2","","","","","","","","","","","8555037176","4797511281","5737517125","","","AM","Primary","SYSTEM","1ST","MAIN","","0299.45","","2","0","2","0","0","0","2","10","2017","49","35","40","1","0","0","0","0","0","","0","2","2","2","1","2","0","0","0","","","","","","","2","","0","5","","1","2","","","","","","","","","0","","","","0","0","","0","","2","2","0","","2","","2","0","0","0","0","","2","1","","2","","","0","3","2","2","1","2","2","","","","12","","2","","3","1","8","0","19","2","","2","","","000010","1989","05","1","2","","","2017","Major"
"667012N","Full Inventory Record","3749549","3694015","No","1","61","11/13/2017 12:00:00 AM","14","AM","Published","11/13/2017 10:24:00 AM","AM","29","MO","29009","BARRY","1","290095310","MONETT","FR2030","","farm road","2","","","","","2","2","","","","","","579622","MONETT","-1","AM","3","1","1","","11","11","2","","0","","-1","","36.6393550","-93.9618380","2","","","","","","","","","","","8555037176","4797511281","5737517125","","","AM","Primary","SYSTEM","1ST","MAIN","","0284.80","","2","0","2","0","0","0","2","10","2017","35","20","35","1","0","0","0","0","0","","0","2","2","2","1","2","0","0","1","1","","","","","","2","","0","","","1","2","","","","","","","","","0","","","","0","0","","0","","2","2","0","-1","2","","2","0","0","0","0","","2","1","","2","","","0","3","2","2","1","2","2","","","","13","","2","","3","2","8","0","19","2","","","","","000015","1989","05","2","","","","2017","Major"
"667056N","Full Inventory Record","3749694","3694400","No","1","61","11/13/2017 12:00:00 AM","14","AM","Published","11/13/2017 12:10:00 PM","AM","29","MO","29009","BARRY","1","290092610","EXETER","FR 2212","","farm road","2","","","","","2","2","","","","","","579663","EXETER","-1","AM","3","1","1","","11","11","2","","0","","-1","","36.7751770","-93.9109650","2","","","","","","","","","","","8555037176","4797511281","5737517125","","","AM","Primary","SYSTEM","1ST","MAIN","","0304.17","","2","0","2","0","0","0","2","10","2017","49","35","40","1","0","0","0","0","0","","0","2","2","2","1","2","0","0","0","","","","","","","2","","0","5","","1","2","","","","","","","","","0","","","","0","0","","0","","2","2","0","-1","2","","2","0","0","0","0","","2","1","","2","","","0","3","2","2","2","2","2","","","","11","","2","","3","1","8","0","19","2","","","","","000015","1982","05","1","2","","","2017","Major"
"667035V","Full Inventory Record","3749637","3695296","No","1","61","11/13/2017 12:00:00 AM","14","AM","Published","11/13/2017 11:25:00 AM","AM","29","MO","29009","BARRY","0","290091230","BUTTERFIELD","HWY U","","HWY U","2","","","","","2","2","","","","","","579644","PURDY","-1","AM","3","1","1","","11","12","2","","0","","-1","","36.749856","-93.905159","2","","","","","","","","","","","8555037176","4797511281","5737517125","","","AM","Primary","SYSTEM","1ST","MAIN","","0294.70","","2","0","2","0","0","0","2","10","2017","49","20","40","1","0","0","0","0","0","","0","1","2","2","1","2","0","0","1","2","","","","","","2","","1,2","5","","1","2","","","","","","","","","0","","","","0","0","","2","2","1","1","4","-1","2","","2","0","1","0","0","","2","1","","2","","","0","7","2","2","1","2","2","","","","14","","1","75","3","1","3","0","18","1","","2","","","000747","1991","10","1","2","","","2017","Major"
"667057V","Full Inventory Record","3749695","3694401","No","1","61","11/13/2017 12:00:00 AM","14","AM","Published","11/13/2017 12:12:00 PM","AM","29","MO","29009","BARRY","1","290092610","EXETER","FR 1060","","farm road","2","","","","","2","2","","","","","","579663","EXETER","-1","AM","3","1","1","","11","11","2","","0","","-1","","36.7797130","-93.9099580","2","","","","","","","","","","","8555037176","4797511281","5737517125","","","AM","Primary","SYSTEM","1ST","MAIN","","0304.50","","2","0","2","0","0","0","2","10","2017","49","35","40","1","0","0","0","0","0","","0","2","2","2","1","2","0","0","0","","","","","","","2","","0","5","2","1","2","","","","","","","","","0","","","","0","0","","0","","2","2","0","-1","2","","2","0","0","0","0","","2","1","","2","","","0","3","2","2","1","2","2","","","","14","","2","","3","1","8","0","19","2","","2","","","000015","1982","04","1","2","","","2017","Major"
"667051E","Full Inventory Record","3749689","3694392","No","1","61","11/13/2017 12:00:00 AM","14","AM","Published","11/13/2017 11:59:00 AM","AM","29","MO","29009","BARRY","1","290092610","EXETER","FR 2195","","county Road","2","","","","","2","2","","","","","","579663","EXETER","-1","AM","3","1","1","","11","11","2","","0","","-1","","36.7552380","-93.9077990","2","","","","","","","","","","","8555037176","4797511281","5737517125","","","AM","Primary","SYSTEM","1ST","MAIN","","0301.86","","2","0","2","0","0","0","2","10","2017","49","35","40","1","0","0","0","0","0","","0","2","2","2","1","2","0","0","0","","","","","","","2","","0","5","","1","2","","","","","","","","","0","","","","0","0","","0","","2","2","0","-1","2","","2","0","0","0","0","","2","1","","2","","","0","3","2","2","2","2","2","","","","18","","2","","3","2","8","0","19","2","","2","","","000015","1982","04","2","","","","2017","Major"
"667037J","Full Inventory Record","3749643","3694182","No","1","61","11/13/2017 12:00:00 AM","14","AM","Published","11/13/2017 11:30:00 AM","AM","29","MO","29009","BARRY","0","290091230","BUTTERFIELD","FIRST STREET","","City Street","2","","","","","2","2","","","","","","579644","PURDY","-1","AM","3","1","1","","11","13","2","","0","","-1","","36.7159840","-93.9218140","2","","","","","","","","","","","8555037176","4797511281","5737517125","","","AM","Primary","SYSTEM","1ST","MAIN","","0295.09","","2","0","2","0","0","0","2","10","2017","49","30","40","1","0","0","0","0","0","","0","2","2","2","1","2","2","0","0","","","","","","","2","","0","5","","1","2","","","","","","","","","0","","","","0","0","","0","","2","2","0","-1","2","","2","0","0","0","0","","2","1","","2","","","0","4","2","2","1","2","2","","","","13","","2","","3","1","8","0","19","2","","2","","","000050","1991","05","2","","","","2017","Major"
"667030L","Full Inventory Record","3749595","3694057","No","1","61","11/13/2017 12:00:00 AM","14","AM","Published","11/13/2017 11:09:00 AM","AM","29","MO","29009","BARRY","1","290096540","PURDY","FR 2098","","farm road","2","","","","","2","2","","","","","","579644","PURDY","-1","AM","3","1","1","","11","11","2","","0","","-1","","36.6895980","-93.9328460","2","","","","","","","","","","","8555037176","4797511281","5737517125","","","AM","Primary","SYSTEM","1ST","MAIN","","0291.67","","2","0","2","0","0","0","2","10","2017","49","35","40","1","0","0","0","0","0","","0","2","2","2","1","2","0","0","0","","","","","","","2","","0","5","","1","2","","","","","","","","","0","","","","0","0","","0","","2","2","0","-1","2","","2","0","0","0","0","","2","1","","2","","","0","3","2","2","1","2","2","","","","13","","1","500","2","1","8","0","19","2","","2","","","000010","1982","05","2","","","","2017","Major"
"667070J","Full Inventory Record","3749762","3694709","No","1","61","11/13/2017 12:00:00 AM","14","AM","Published","11/13/2017 1:10:00 PM","AM","29","MO","29009","BARRY","1","290097224","SELIGMAN","FR 2280","","farm road","2","","","","","2","2","","","","","","579698","SELIGMAN","-1","AM","3","1","1","","11","11","2","","0","","-1","","36.8154140","-93.9214480","2","","","","","","","","","","","8555037176","4797511281","5737517125","","","AM","Primary","SYSTEM","1ST","MAIN","","0311.85","","2","0","2","0","0","0","2","10","2017","49","35","40","1","0","0","0","0","0","","0","2","2","2","1","2","0","0","0","","","","","","","2","","0","5","","1","2","","","","","","","","","0","","","","0","0","","0","","2","2","0","-1","2","","2","0","0","0","0","","2","1","","2","","","0","3","1","2","1","2","2","","","","12","","2","","3","2","8","0","19","2","","2","","","000015","1982","05","1","2","","","2017","Major"
"667043M","Full Inventory Record","3749658","3694206","No","1","61","11/13/2017 12:00:00 AM","14","AM","Published","11/13/2017 11:44:00 AM","AM","29","MO","29009","BARRY","1","290092610","EXETER","CO 2160","","county Road","2","","","","","2","2","","","","","","579663","EXETER","-1","AM","3","1","1","","11","11","2","","0","","-1","","36.7371750","-93.9083020","2","","","","","","","","","","","8555037176","4797511281","5737517125","","","AM","Primary","SYSTEM","1ST","MAIN","","0298.15","","2","0","2","0","0","0","2","10","2017","49","35","40","1","0","0","0","0","0","","0","2","2","2","1","2","0","0","0","","","","","","","2","","0","5","","1","2","","","","","","","","","0","","","","0","0","","0","","2","2","0","","2","","2","0","0","0","0","","2","1","","2","","","0","3","2","2","1","2","2","","","","12,18","","2","","3","2","8","0","19","2","","2","","","000015","1982","05","1","2","","","2017","Major"
"667020F","Full Inventory Record","3749569","3694048","No","1","61","11/13/2017 12:00:00 AM","14","AM","Published","11/13/2017 10:43:00 AM","AM","29","MO","29009","BARRY","1","290096540","PURDY","FR2057","","farm road","2","","","","","2","2","","","","","","579644","PURDY","-1","AM","3","1","1","","11","11","2","","0","","-1","","36.6588670","-93.9470290","2","","","","","","","","","","","8555037176","4797511281","5737517125","","","AM","Primary","SYSTEM","1ST","MAIN","","0287.57","","2","0","2","0","0","0","2","10","2017","49","35","40","1","0","0","0","0","0","","0","2","2","2","1","2","0","","0","","","","","","","2","","0","5","2","1","2","","","","","","","","","0","","","","0","0","","0","","2","2","0","-1","2","","2","0","0","0","0","","2","1","","2","","","0","3","2","2","1","2","2","","","","13","","1","200","3","2","8","0","19","2","","2","","","000010","1989","04","1","2","","","2017","Major"
"667033G","Full Inventory Record","3749633","3694060","No","1","61","11/13/2017 12:00:00 AM","14","AM","Published","11/13/2017 11:19:00 AM","AM","29","MO","29009","BARRY","1","290091230","BUTTERFIELD","FR 2115","","farm road","2","","","","","2","2","","","","","","579644","PURDY","-1","AM","3","1","1","","11","11","2","","0","","-1","","36.7034840","-93.9302750","2","","","","","","","","","","","8555037176","4797511281","5737517125","","","AM","Primary","SYSTEM","1ST","MAIN","","0293.39","","2","0","2","0","0","0","2","10","2017","49","35","45","1","1","0","0","0","0","","0","2","2","2","1","2","2","0","0","","","","","","","2","","0","5","","1","1","2","58","","","","","","","0","","","","0","0","","0","","2","2","0","-1","2","","2","0","0","0","0","","2","1","","2","","","0","4","2","2","1","2","2","","","","14","","2","","2","2","8","0","19","2","","2","","","000015","1989","05","2","","","","2017","Major"
"667061K","Full Inventory Record","3749747","3694617","No","1","61","11/13/2017 12:00:00 AM","14","AM","Published","11/13/2017 12:55:00 PM","AM","29","MO","29009","BARRY","0","290098148","WASHBURN","COUNTY","","county Road","2","","","","","2","2","","","","","","579663","EXETER","-1","AM","3","1","1","","11","12","2","","0","","-1","","36.7889210","-93.9103550","2","","","","","","","","","","","8555037176","4797511281","5737517125","","","AM","Primary","SYSTEM","1ST","MAIN","","0306.85","","2","0","2","0","0","0","2","10","2017","49","35","40","1","0","0","0","0","0","","0","2","2","2","1","2","2","0","0","","","","","","","2","","0","5","2","1","2","","","","","","","","","0","","","","0","0","","0","","2","2","0","-1","2","","2","0","0","0","0","","2","1","","2","","","0","4","2","2","1","2","2","","","","12","","2","","3","1","8","0","19","2","","2","","","000030","1989","05","1","2","","","2017","Major"

